593 14th St SE,51250
1510 Boyson Rd,52233
5046 355th Ave,50554
711 High St,50309
Po Box 35,51355
26634 225th St,52753
28280 227th St #349,52753
316 E 29th St,52803
516 3rd St,52768
391 N Henry St,52773
2702 Erickson Ave,52641
5490 White Post Rd,52722
304 E Lauretta St,52726
2898 Villa Ct,52722
822 Robin Rd,52761
1300 Iowa St,52601
3420 Mason Rd,52601
1502 W Townline St,50801
208 Hayes St,52601
14876 Washington Rd,52655
112 E 8th St,52349
911 1st Ave,52349
1201 10th Ave,52349
402 W 5th St,52349
1542 Hawthorne Ave,50702
3447 Kipling Rd,50701
2408 Carstensen Dr,50677
2428 Grand Ave,50677
651 W 11th St,50702
1823 Patton Ave,50702
133 Gilbert Dr,50707
1069 Central Ave,50707
305 Hallowell Rd,50707
500 6th Ave #B3,52315
5964 Carson Ln,52218
2951 310th St,52352
2948 Coggon Rd,52218
304 W Parker St,50703
6938 Boggs Rd,50703
604 2nd St,50707
523 E End Ave,50707
131 Lehman Cir,50707
405 Park Dr,52318
203 Dewey St,52318
405 Harper St,52318
2834 120th St,52203
1233 U Ave,52203
309 Washington St,52318
3141 74th St,52206
2187 71st St,52346
403 6th St,52346
604 3rd Ave,52346
106 2nd Ave,52346
3011 Lovejoy Dr,50613
502 Magnolia Pky,50701
235 8th St S,50667
408 Park Ln,50702
408 Terrace Dr,50702
375 Wema Ave,50707
602 Bishop Ave,50651
475 Morrell Ave,50707
401 Charles St,50703
202 Locust St,50701
349 River Forest Rd,50707
2130 Casper Ave,50701
416 Oliver St,50703
703 Baltimore St,50702
727 Indiana St,50703
2341 Fairway Ln,50701
717 E Dale St,50703
1019 W 3rd St,50701
216 Oakwood Dr,50707
209 W 5th St #301,50701
1845 Pinehurst Ln,50701
1170 Wisner Dr,50702
409 Independence Ave,50703
143 Chicago St,50701
117 Butler Ave,50703
862 Fowler St,50703
1427 Hammond Ave,50702
839 Lisa Dr,50701
553 W Wellington St,50701
1314 Wren Rd,50701
198 River Forest Rd,50707
201 Hartman Ave,50701
204 Wema Ave,50707
1217 Fulton St,50707
610 Anthony St,50707
1119 Kent Cir,50701
912 Bertch Ave,50702
3427 Georgetown Dr,50701
214 Washington St #608,50701
1031 Fox Ave,50707
2651 Saint Francis Dr,50702
1647 Locke Ave,50702
912 Arbutus Ave,50707
128 Doyle Ave,50707
637 Kern St,50703
1010 Jones Rd,50707
